"_primaryKey","playedAt","_lastSeenAt","stationId","title","artist","album","durationSeconds","trackId","artistId","albumId","stationName","stationFormat","stationState","stationPrimaryGenreName"
"9985_1778198326","2026-05-07 23:58:46","2026-05-09 09:09:01.456","9985","Rise","Herb Alpert","Rise",456,110127869,44640,110127867,"La Poderosa","SPANISH","FL","Spanish"
"11288_1778198227","2026-05-07 23:57:07","2026-05-08 22:36:55.927","11288","Mississippi Queen","Mountain","Climbing!",151,2582141,4004,2582140,"Upstate Red",,"SC","News & Talk"
"9985_1778198209","2026-05-07 23:56:49","2026-05-09 09:09:01.456","9985","Tu Fidelidad","Marcos Witt","Poderoso",295,279976004,368203,279975997,"La Poderosa","SPANISH","FL","Spanish"
"8605_1778198168","2026-05-07 23:56:08","2026-05-11 11:39:35.794","8605","Master Of Puppets (Remastered)","Metallica","Master of Puppets (Remastered)",515,58269977,58269,58269975,"Genesis 93.7","SPANISH","TX","Spanish"
"11379_1778198108","2026-05-07 23:55:08","2026-05-11 14:59:17.902","11379","Ring for Rhemi","Neil Pierce","Ring for Rhemi",356,264954344,30163622,264954343,"Red Eye Radio",,"states/US-NAT","US Partner Digital"
"1965_1778198080","2026-05-07 23:54:40","2026-05-11 21:36:38.056","1965","Pull the Plug","Death","Non:Analog - On:Stage Series - Tijuana 10-06-1990",306,97892107,558,97892101,"Rip City Radio","SPORTS","OR","Sports"
"389_1778197916","2026-05-07 23:51:56","2026-05-13 03:06:51.791","389","I'm A Believer","Smash Mouth","Shrek",192,23893289,39146,23893287,"850 AM / 94.1 FM KOA","NEWSTALK","CO","News & Talk"
"9257_1778197815","2026-05-07 23:50:15","2026-05-09 04:17:05.412","9257","The World Needs a Song","The Lore Family","The World Needs a Song",191,153601766,30878880,153601765,"Real Southern Gospel Radio","OTHER","states/US-NAT","US Partner Digital"
"8605_1778197814","2026-05-07 23:50:14","2026-05-11 10:34:23.308","8605","Iron Man","Black Sabbath","Paranoid",358,24735187,2358,24735183,"Genesis 93.7","SPANISH","TX","Spanish"
"11288_1778197778","2026-05-07 23:49:38","2026-05-08 22:36:55.927","11288","Gold on the Ceiling","The Black Keys","El Camino",223,30346239,9288,30346236,"Upstate Red",,"SC","News & Talk"
"8605_1778197649","2026-05-07 23:47:29","2026-05-11 10:34:23.308","8605","Paranoid","Black Sabbath","Paranoid",167,24735185,2358,24735183,"Genesis 93.7","SPANISH","TX","Spanish"
"5974_1778197564","2026-05-07 23:46:04","2026-05-11 03:56:59.260","5974","Take You At Your Word","Cody Carnes","Take You At Your Word",223,268399439,915588,268399438,"94-7 FM The Word","Prov_Salem","CO","Christian & Gospel"
"8376_1778197460","2026-05-07 23:44:20","2026-05-10 00:08:59.795","8376","Radioactive","Imagine Dragons","Night Visions",187,18955567,561823,18955566,"Business News 97.5","NEWSTALK","IN","News & Talk"
"8605_1778197357","2026-05-07 23:42:37","2026-05-11 10:34:23.308","8605","Crazy Train","Ozzy Osbourne","Blizzard Of Ozz",294,2486280,71921,2485237,"Genesis 93.7","SPANISH","TX","Spanish"
"8605_1778197103","2026-05-07 23:38:23","2026-05-11 10:34:23.308","8605","Back In Black","AC/DC","Back In Black",255,33310551,83301,33310545,"Genesis 93.7","SPANISH","TX","Spanish"
"389_1778196877","2026-05-07 23:34:37","2026-05-13 03:06:51.791","389","Purple Rain","Prince & the Revolution","Purple Rain",521,270063548,3403,270063539,"850 AM / 94.1 FM KOA","NEWSTALK","CO","News & Talk"
"6527_1778196847","2026-05-07 23:34:07","2026-05-09 01:54:33.055","6527","Scatterbrain","Jeff Beck","performing this week...live at Ronnie Scott's",271,793843,43524,793832,"HITfmradio.com","CHRPOP","states/US-NAT","US Partner Digital"
"11288_1778196841","2026-05-07 23:34:01","2026-05-08 22:36:55.927","11288","When the Levee Breaks","Led Zeppelin","Led Zeppelin IV",427,28855514,1807,28855506,"Upstate Red",,"SC","News & Talk"
"8605_1778196740","2026-05-07 23:32:20","2026-05-11 10:34:23.308","8605","The Final Countdown","Europe","The Final Countdown (Expanded Edition)",310,2521161,44137,2516021,"Genesis 93.7","SPANISH","TX","Spanish"
"11379_1778196619","2026-05-07 23:30:19","2026-05-11 13:54:31.920","11379","Tropique","Wild & Free","Low Pressure",359,31903217,30839977,31903215,"Red Eye Radio",,"states/US-NAT","US Partner Digital"
"11288_1778196571","2026-05-07 23:29:31","2026-05-08 22:36:55.927","11288","Legs","ZZ Top","Eliminator",273,375073090,43268,375073084,"Upstate Red",,"SC","News & Talk"
"10109_1778196414","2026-05-07 23:26:54","2026-05-09 21:51:18.589","10109","Jesus at a Distance","Casting Crowns","Healer",228,177808096,89484,177808093,"90.9 KCBI-HD2","OTHER","states/US-NAT","US Partner Digital"
"8605_1778196392","2026-05-07 23:26:32","2026-05-11 10:34:23.308","8605","Holy Diver","Dio","Holy Diver",354,174468160,7034,174468158,"Genesis 93.7","SPANISH","TX","Spanish"
"9985_1778196340","2026-05-07 23:25:40","2026-05-09 09:09:01.456","9985","Tu Fidelidad","Marcos Witt","Poderoso",295,279976004,368203,279975997,"La Poderosa","SPANISH","FL","Spanish"
"8605_1778196250","2026-05-07 23:24:10","2026-05-11 10:34:23.308","8605","Ace of Spades","Motörhead","Ace of Spades",169,376075942,39464,376075941,"Genesis 93.7","SPANISH","TX","Spanish"
"11288_1778196094","2026-05-07 23:21:34","2026-05-08 22:36:55.927","11288","You Shook Me All Night Long","AC/DC","Back In Black",209,33310552,83301,33310545,"Upstate Red",,"SC","News & Talk"
"7837_1778195962","2026-05-07 23:19:22","2026-05-09 11:20:44.054","7837","Who I Am","Ben Fuller","Who I Am",208,170538214,287720,170538212,"AM 630 KCIS","Prov_Crista","WA","Christian & Gospel"
"8605_1778195960","2026-05-07 23:19:20","2026-05-11 10:34:23.308","8605","Raining Blood","Slayer","Reign In Blood",297,-1,-1,-1,"Genesis 93.7","SPANISH","TX","Spanish"
"2353_1778195934","2026-05-07 23:18:54","2026-05-13 03:08:00.189","2353","Blurry","Puddle of Mudd","Come Clean",303,68479826,39856,68479821,"Ticket 760","SPORTS","TX","Sports"
"6527_1778195934","2026-05-07 23:18:54","2026-05-09 01:54:33.055","6527","Do Do The Robot","The Wiggles","Halloween Party",113,375913500,150482,375913484,"HITfmradio.com","CHRPOP","states/US-NAT","US Partner Digital"
"1965_1778195765","2026-05-07 23:16:05","2026-05-11 21:36:38.056","1965","Ain't Nobody","Rufus","Stompin' At The Savoy",285,1020908,30406664,1020893,"Rip City Radio","SPORTS","OR","Sports"
"5974_1778195759","2026-05-07 23:15:59","2026-05-11 03:56:59.260","5974","Somebody Prayed","Crowder","The EXILE",225,271605636,30040185,271605629,"94-7 FM The Word","Prov_Salem","CO","Christian & Gospel"
"8605_1778195670","2026-05-07 23:14:30","2026-05-11 10:34:23.308","8605","Enter Sandman","Metallica","Metallica",331,58393783,58269,58393782,"Genesis 93.7","SPANISH","TX","Spanish"
"9494_1778195459","2026-05-07 23:10:59","2026-05-09 03:04:12.667","9494","No Se Va","Grupo Frontera","No Se Va",193,351145629,31650138,351145628,"Caracol Radio","SPANISH","states/US-NAT","Spanish"
"6527_1778195387","2026-05-07 23:09:47","2026-05-09 01:54:33.055","6527","Scatterbrain","Jeff Beck","performing this week...live at Ronnie Scott's",271,793843,43524,793832,"HITfmradio.com","CHRPOP","states/US-NAT","US Partner Digital"
"8605_1778195283","2026-05-07 23:08:03","2026-05-11 10:34:23.308","8605","Jack & Diane","John Mellencamp","American Fool",255,689713,40082,689703,"Genesis 93.7","SPANISH","TX","Spanish"
"8605_1778195087","2026-05-07 23:04:47","2026-05-11 10:34:23.308","8605","The Trooper (2015 Remaster)","Iron Maiden","Piece of Mind",250,375071923,43673,375071918,"Genesis 93.7","SPANISH","TX","Spanish"
"1965_1778194896","2026-05-07 23:01:36","2026-05-11 21:36:38.056","1965","Every Kinda People","Robert Palmer","Double Fun",199,65824597,29598,65824596,"Rip City Radio","SPORTS","OR","Sports"
"9257_1778194887","2026-05-07 23:01:27","2026-05-09 03:02:46.108","9257","God Still Delivers","The Collingsworth Family","Mercy & Love",293,60491254,27582,60491251,"Real Southern Gospel Radio","OTHER","states/US-NAT","US Partner Digital"
"9985_1778194864","2026-05-07 23:01:04","2026-05-09 07:58:05.144","9985","Rise","Herb Alpert","Rise",456,110127869,44640,110127867,"La Poderosa","SPANISH","FL","Spanish"
"7102_1778194800","2026-05-07 23:00:00","2026-05-08 23:42:25.126","7102","This Is Amazing Grace","Phil Wickham","The Ascension (Deluxe)",279,120985975,89487,120985971,"89.7 GraceFM","OTHER","CO","Christian & Gospel"
"8605_1778194636","2026-05-07 22:57:16","2026-05-11 10:34:23.308","8605","Hallowed Be Thy Name (2015 Remaster)","Iron Maiden","The Number of the Beast",430,375921085,43673,375921077,"Genesis 93.7","SPANISH","TX","Spanish"
"213_1778194527","2026-05-07 22:55:27","2026-05-13 03:09:15.522","213","Land of Confusion","Genesis","Invisible Touch",286,1121348,4687,1121345,"Fox Sports 1350","SPORTS","CA","Sports"
"217_1778194492","2026-05-07 22:54:52","2026-05-13 03:06:24.303","217","That's Life","Frank Sinatra","That's Life",190,23452066,739,23452065,"KFBK News Radio","NEWSTALK","CA","News & Talk"
"8605_1778194402","2026-05-07 22:53:22","2026-05-11 10:34:23.308","8605","Run To The Hills","Iron Maiden","The Number of the Beast",232,375921083,43673,375921077,"Genesis 93.7","SPANISH","TX","Spanish"
"10109_1778194366","2026-05-07 22:52:46","2026-05-09 19:29:08.220","10109","The Cross","Anne Wilson & Chris Tomlin","REBEL",220,323683397,34103413,323683384,"90.9 KCBI-HD2","OTHER","states/US-NAT","US Partner Digital"
"6006_1778194338","2026-05-07 22:52:18","2026-05-13 03:07:40.780","6006","Left Alone [Instrumental]","NY Jazz Trio","Jazz Standards II",287,-1,-1,-1,"WFIL AM 560","OTHER","PA","Christian & Gospel"
"9257_1778194306","2026-05-07 22:51:46","2026-05-09 01:57:04.377","9257","Go Fuck Yourself","Dutch Interior","Go Fuck Yourself",221,359164226,37274269,359164225,"Real Southern Gospel Radio","OTHER","states/US-NAT","US Partner Digital"
"9197_1778194291","2026-05-07 22:51:31","2026-05-12 05:21:01.684","9197","Enamored Enthralled","Martin Crane","Stolen Youth: Inside the Cult at Sarah Lawrence",121,206473559,31033512,206473550,"1640 KDIA","OTHER","CA","Christian & Gospel"
"217_1778194211","2026-05-07 22:50:11","2026-05-13 03:06:24.303","217","Moondance","Van Morrison","Moondance",274,23734948,36457,23734946,"KFBK News Radio","NEWSTALK","CA","News & Talk"
"2353_1778194135","2026-05-07 22:48:55","2026-05-13 03:08:00.189","2353","Again","Lenny Kravitz","Greatest Hits",225,1347189,7072,1347185,"Ticket 760","SPORTS","TX","Sports"
"5974_1778193935","2026-05-07 22:45:35","2026-05-11 02:52:29.202","5974","How Good It Is","Chris Tomlin","How Good It Is",235,337845354,28429,337845353,"94-7 FM The Word","Prov_Salem","CO","Christian & Gospel"
"8605_1778193924","2026-05-07 22:45:24","2026-05-10 13:30:27.930","8605","War Pigs / Luke's Wall","Black Sabbath","Paranoid",474,24735184,2358,24735183,"Genesis 93.7","SPANISH","TX","Spanish"
"6527_1778193907","2026-05-07 22:45:07","2026-05-09 00:47:25.986","6527","Do Do The Robot","The Wiggles","Halloween Party",113,375913500,150482,375913484,"HITfmradio.com","CHRPOP","states/US-NAT","US Partner Digital"
"8376_1778193860","2026-05-07 22:44:20","2026-05-09 21:50:39.411","8376","Treat You Better","Shawn Mendes","Illuminate",189,46604636,30421361,46604632,"Business News 97.5","NEWSTALK","IN","News & Talk"
"1965_1778193846","2026-05-07 22:44:06","2026-05-11 00:41:14.137","1965","You Keep Me Hangin On","Kim Wilde","Another Step",254,25032257,29690,25032256,"Rip City Radio","SPORTS","OR","Sports"
"9985_1778193603","2026-05-07 22:40:03","2026-05-09 07:58:05.144","9985","A Horse with No Name","America","America",257,1023277,32104,1023272,"La Poderosa","SPANISH","FL","Spanish"
"1965_1778193451","2026-05-07 22:37:31","2026-05-09 19:23:57.425","1965","Layla","Derek & the Dominos","Layla And Other Assorted Love Songs",430,116790878,40846,116790865,"Rip City Radio","SPORTS","OR","Sports"
"217_1778193398","2026-05-07 22:36:38","2026-05-13 03:06:24.303","217","Louie Louie","The Kingsmen","The Best of The Kingsmen",165,219554,30028515,219535,"KFBK News Radio","NEWSTALK","CA","News & Talk"
"2353_1778193255","2026-05-07 22:34:15","2026-05-13 03:08:00.189","2353","Never Too Much","Luther Vandross","Never Too Much",230,2535616,3402,2525222,"Ticket 760","SPORTS","TX","Sports"
"5974_1778193123","2026-05-07 22:32:03","2026-05-11 02:52:29.202","5974","Beautiful Life","Pat Barrett","Shelter",198,237449889,32061212,237449885,"94-7 FM The Word","Prov_Salem","CO","Christian & Gospel"
"6527_1778192901","2026-05-07 22:28:21","2026-05-09 00:47:25.986","6527","Scatterbrain","Jeff Beck","performing this week...live at Ronnie Scott's",271,793843,43524,793832,"HITfmradio.com","CHRPOP","states/US-NAT","US Partner Digital"
"6527_1778192503","2026-05-07 22:21:43","2026-05-09 00:47:25.986","6527","Do Do The Robot","The Wiggles","Halloween Party",113,375913500,150482,375913484,"HITfmradio.com","CHRPOP","states/US-NAT","US Partner Digital"
"217_1778192376","2026-05-07 22:19:36","2026-05-13 03:06:24.303","217","I'll Be Around","The Spinners","Spinners",188,1067624,2863,1067619,"KFBK News Radio","NEWSTALK","CA","News & Talk"
"2353_1778192369","2026-05-07 22:19:29","2026-05-13 03:08:00.189","2353","Slow Ride","Foghat","Fool for the City",494,39302840,1605,39302837,"Ticket 760","SPORTS","TX","Sports"
"9985_1778192354","2026-05-07 22:19:14","2026-05-09 07:58:05.144","9985","When We Fall","Beak>",">>>",333,61018793,158615,61018783,"La Poderosa","SPANISH","FL","Spanish"
"1965_1778192304","2026-05-07 22:18:24","2026-05-09 00:48:37.721","1965","Right Down the Line","Gerry Rafferty","City to City",267,472256,33719,472253,"Rip City Radio","SPORTS","OR","Sports"
"1965_1778192001","2026-05-07 22:13:21","2026-05-08 23:41:30.396","1965","Summergirls","Dino","24/7",372,30918234,30405229,30918230,"Rip City Radio","SPORTS","OR","Sports"
"6527_1778191498","2026-05-07 22:04:58","2026-05-09 00:47:25.986","6527","Scatterbrain","Jeff Beck","performing this week...live at Ronnie Scott's",271,793843,43524,793832,"HITfmradio.com","CHRPOP","states/US-NAT","US Partner Digital"
"10453_1778191390","2026-05-07 22:03:10","2026-05-09 04:27:10.920","10453","Magnolia Soul","Ozomatli","Don't Mess With The Dragon",200,572232,33836,572227,"ESPN 94.7",,"OH","Sports"
"1965_1778191312","2026-05-07 22:01:52","2026-05-08 23:41:30.396","1965","Rhythm Is Gonna Get You","Gloria Estefan and Miami Sound Machine","Let It Loose",235,2583601,45302904,2580581,"Rip City Radio","SPORTS","OR","Sports"
"11379_1778191257","2026-05-07 22:00:57","2026-05-11 13:54:31.920","11379","The Earth Prelude","Ludovico Einaudi","Islands - Essential Einaudi",304,108815385,172566,108815383,"Red Eye Radio",,"states/US-NAT","US Partner Digital"
"5956_1778191239","2026-05-07 22:00:39","2026-05-10 12:20:13.006","5956","挺好個人呐","劉宇寧","挺好個人呐",211,-1,-1,-1,"93.9 KPDQ","Prov_Salem","OR","Christian & Gospel"
"10109_1778190858","2026-05-07 21:54:18","2026-05-09 10:15:12.134","10109","Unashamed","Matthew West","Don't Stop Praying",220,278541621,33420,278541617,"90.9 KCBI-HD2","OTHER","states/US-NAT","US Partner Digital"
"10453_1778190665","2026-05-07 21:51:05","2026-05-09 01:59:35.319","10453","Born To Die","Shaboozey","Born To Die",164,394643323,30650570,394643322,"ESPN 94.7",,"OH","Sports"
"6527_1778190654","2026-05-07 21:50:54","2026-05-08 23:39:30.627","6527","Do Do The Robot","The Wiggles","Halloween Party",113,375913500,150482,375913484,"HITfmradio.com","CHRPOP","states/US-NAT","US Partner Digital"
"8428_1778190385","2026-05-07 21:46:25","2026-05-13 03:11:54.130","8428","Man in the Mirror","Michael Jackson","Bad",318,19091775,6739,19090075,"Hippie Radio 94.5","CLASSICHITS","TN","Oldies"
"8428_1778190154","2026-05-07 21:42:34","2026-05-13 03:11:54.130","8428","Drift Away","Dobie Gray","Drift Away",237,300533043,9371,300533042,"Hippie Radio 94.5","CLASSICHITS","TN","Oldies"
"8428_1778190042","2026-05-07 21:40:42","2026-05-13 03:11:54.130","8428","Dance, Dance, Dance","The Beach Boys","The Beach Boys Today!",121,19433675,3455,19433669,"Hippie Radio 94.5","CLASSICHITS","TN","Oldies"
"8428_1778189982","2026-05-07 21:39:42","2026-05-13 03:11:54.130","8428","Isn't It Time","The Babys","Broken Heart",243,43276540,31149,43276537,"Hippie Radio 94.5","CLASSICHITS","TN","Oldies"
"8428_1778189838","2026-05-07 21:37:18","2026-05-13 03:11:54.130","8428","The Loco-Motion","Grand Funk Railroad","Shinin' On",165,455159,27786,455156,"Hippie Radio 94.5","CLASSICHITS","TN","Oldies"
"2353_1778189714","2026-05-07 21:35:14","2026-05-13 03:08:00.189","2353","Breaking The Chains","Dokken","Breaking the Chains",230,374480640,40633,374480639,"Ticket 760","SPORTS","TX","Sports"
"6527_1778189655","2026-05-07 21:34:15","2026-05-08 22:17:01.419","6527","Scatterbrain","Jeff Beck","performing this week...live at Ronnie Scott's",271,793843,43524,793832,"HITfmradio.com","CHRPOP","states/US-NAT","US Partner Digital"
"10453_1778189420","2026-05-07 21:30:20","2026-05-09 00:52:16.009","10453","We Dem Boyz","Wiz Khalifa","Blacc Hollywood",224,27727031,47508,27727029,"ESPN 94.7",,"OH","Sports"
"6527_1778189248","2026-05-07 21:27:28","2026-05-08 22:17:01.419","6527","Do Do The Robot","The Wiggles","Halloween Party",113,375913500,150482,375913484,"HITfmradio.com","CHRPOP","states/US-NAT","US Partner Digital"
"10109_1778189214","2026-05-07 21:26:54","2026-05-09 06:43:26.322","10109","Friend in Jesus","CAIN","Friend in Jesus",222,272969077,34145265,272969076,"90.9 KCBI-HD2","OTHER","states/US-NAT","US Partner Digital"
"7376_1778189053","2026-05-07 21:24:13","2026-05-13 03:11:09.942","7376","In Christ Alone","Passion & Kristian Stanfill","Passion: Let The Future Begin",339,64164425,15478,64164411,"89.7 Bridge FM","OTHER","NJ","Christian & Gospel"
"2353_1778188568","2026-05-07 21:16:08","2026-05-13 03:08:00.189","2353","Burning Heart","Survivor","Rocky IV",231,1796370,33329,1796369,"Ticket 760","SPORTS","TX","Sports"
"9494_1778188231","2026-05-07 21:10:31","2026-05-09 03:04:12.667","9494","El Preso (Nueva Versión)","Fruko Y Sus Tesos feat. Wilson ""Saoko"" Manyoma","Power Salsa",357,33726147,30169904,33726134,"Caracol Radio","SPANISH","states/US-NAT","Spanish"
"6480_1778187604","2026-05-07 21:00:04","2026-05-09 09:06:39.004","6480","Earth to God","John Rich","Earth to God",178,111566501,58367,111566500,"99.5 KDIS","Prov_Salem","AR","Christian & Gospel"
"5176_1778187554","2026-05-07 20:59:14","2026-05-13 03:06:05.783","5176","Chan Chan","Buena Vista Social Club","Buena Vista Social Club",258,370793174,58533,370793173,"WKAQ 580","SPANISH","PR","Spanish"
"7102_1778187438","2026-05-07 20:57:18","2026-05-08 22:25:49.635","7102","Promises (feat. Chris Cauley, Desi Raines & Lauren Lee)","North Point Worship","Live From Decatur City",317,129494801,30600138,129494797,"89.7 GraceFM","OTHER","CO","Christian & Gospel"
"6006_1778187318","2026-05-07 20:55:18","2026-05-13 03:07:40.780","6006","The Millennium Prayer","Cliff Richard","75 at 75",278,209777466,13286,209777398,"WFIL AM 560","OTHER","PA","Christian & Gospel"
"6480_1778187095","2026-05-07 20:51:35","2026-05-09 09:06:39.004","6480","Father: Azariah's Tribute [House of Omni Reprise Mix]","Gershon Jackson","The Housenomicon",486,-1,-1,-1,"99.5 KDIS","Prov_Salem","AR","Christian & Gospel"
"6006_1778186783","2026-05-07 20:46:23","2026-05-13 03:07:40.780","6006","When We Pray","Tauren Wells","Hills and Valleys (Deluxe Edition)",191,48238576,31219675,48238575,"WFIL AM 560","OTHER","PA","Christian & Gospel"
"1657_1778186529","2026-05-07 20:42:09","2026-05-09 01:56:42.150","1657","All I Can Do Is Write About It","Lynyrd Skynyrd","Gimme Back My Bullets",260,793169,35147,793159,"Fox Sports 710","SPORTS","ND","Sports"
"6006_1778186381","2026-05-07 20:39:41","2026-05-13 03:07:40.780","6006","Don't Stop Praying","Matthew West","Don't Stop Praying",233,278541618,33420,278541617,"WFIL AM 560","OTHER","PA","Christian & Gospel"
"1657_1778186232","2026-05-07 20:37:12","2026-05-09 01:56:42.150","1657","Mony Mony","Billy Idol","Don't Stop EP",307,287826397,28839,287826396,"Fox Sports 710","SPORTS","ND","Sports"
"1657_1778186000","2026-05-07 20:33:20","2026-05-09 01:56:42.150","1657","Prove It All Night","Bruce Springsteen","Darkness On The Edge Of Town",236,2521363,3613,2520800,"Fox Sports 710","SPORTS","ND","Sports"
"10453_1778185903","2026-05-07 20:31:43","2026-05-09 00:52:16.009","10453","Hey Ma","Cam'Ron feat. Juelz Santana, Freekey Zeekey, Toya","Come Home With Me",220,214923042,39507,214923034,"ESPN 94.7",,"OH","Sports"
"1657_1778185822","2026-05-07 20:30:22","2026-05-09 01:56:42.150","1657","Poor Poor Pitiful Me","Warren Zevon","Warren Zevon",185,24288238,29861,24288233,"Fox Sports 710","SPORTS","ND","Sports"
"10109_1778185614","2026-05-07 20:26:54","2026-05-09 05:38:03.554","10109","The Cross","Anne Wilson & Chris Tomlin","REBEL",220,323683397,34103413,323683384,"90.9 KCBI-HD2","OTHER","states/US-NAT","US Partner Digital"
"6006_1778185514","2026-05-07 20:25:14","2026-05-13 03:07:40.780","6006","Pray","MC Hammer","Please Hammer Don't Hurt 'Em",312,427972,29318,427964,"WFIL AM 560","OTHER","PA","Christian & Gospel"
"1657_1778185503","2026-05-07 20:25:03","2026-05-09 01:56:42.150","1657","Long Way from Home","Nitro","O.F.R.",329,3804303,10163,3804299,"Fox Sports 710","SPORTS","ND","Sports"
"1657_1778185321","2026-05-07 20:22:01","2026-05-09 01:56:42.150","1657","My Music","Loggins & Messina","Full Sail",184,71717358,98094,2583952,"Fox Sports 710","SPORTS","ND","Sports"
"6006_1778185320","2026-05-07 20:22:00","2026-05-13 03:07:40.780","6006","Birthday","KJ-52","Jonah Part Two",248,-1,-1,-1,"WFIL AM 560","OTHER","PA","Christian & Gospel"
"1657_1778184905","2026-05-07 20:15:05","2026-05-09 01:56:42.150","1657","Riders on the Storm","The Doors","L.A. Woman",434,26928962,58402,26928952,"Fox Sports 710","SPORTS","ND","Sports"
"1657_1778184618","2026-05-07 20:10:18","2026-05-09 01:56:42.150","1657","Great White Buffalo","Ted Nugent","Motor City Mayhem",582,69273098,40670,69273077,"Fox Sports 710","SPORTS","ND","Sports"
"9257_1778184592","2026-05-07 20:09:52","2026-05-09 01:57:04.377","9257","Perfekt","Bendik","Perfekt",200,184849043,666685,184849042,"Real Southern Gospel Radio","OTHER","states/US-NAT","US Partner Digital"
"1657_1778184384","2026-05-07 20:06:24","2026-05-09 01:56:42.150","1657","Houses of the Holy","Led Zeppelin","Physical Graffiti",242,1093793,1807,1093789,"Fox Sports 710","SPORTS","ND","Sports"
"1657_1778184242","2026-05-07 20:04:02","2026-05-09 01:56:42.150","1657","Immigrant Song","Led Zeppelin","Led Zeppelin III",146,26826671,1807,26826669,"Fox Sports 710","SPORTS","ND","Sports"
"10453_1778184171","2026-05-07 20:02:51","2026-05-09 00:52:16.009","10453","Magnolia Soul","Ozomatli","Don't Mess With The Dragon",200,572232,33836,572227,"ESPN 94.7",,"OH","Sports"
"9985_1778184124","2026-05-07 20:02:04","2026-05-09 07:58:05.144","9985","God's Country","Blake Shelton","Fully Loaded: God's Country",204,85591739,58018,85591738,"La Poderosa","SPANISH","FL","Spanish"
"1657_1778183978","2026-05-07 19:59:38","2026-05-09 01:56:42.150","1657","Layla","Eric Clapton","Unplugged",289,185526176,39635,185526169,"Fox Sports 710","SPORTS","ND","Sports"
"9494_1778183946","2026-05-07 19:59:06","2026-05-09 03:04:12.667","9494","Verdi: La traviata, Act 1: ""Libiamo ne' lieti calici"" (Live)","The Three Tenors","The Three Tenors in Concert, 1994 (Live)",200,29751210,113480,29751183,"Caracol Radio","SPANISH","states/US-NAT","Spanish"
"1657_1778183746","2026-05-07 19:55:46","2026-05-09 00:49:05.813","1657","Magic","The Cars","Heartbeat City",237,51645572,58396,51645569,"Fox Sports 710","SPORTS","ND","Sports"
"1657_1778183417","2026-05-07 19:50:17","2026-05-09 00:49:05.813","1657","Dirty Laundry","Don Henley","I Can’t Stand Still",336,299642183,40218,299642177,"Fox Sports 710","SPORTS","ND","Sports"
"10453_1778183386","2026-05-07 19:49:46","2026-05-09 00:52:16.009","10453","Sweet Talkin' Woman","Electric Light Orchestra","Out of the Blue",229,36533819,41923,36533816,"ESPN 94.7",,"OH","Sports"
"1657_1778182911","2026-05-07 19:41:51","2026-05-09 00:49:05.813","1657","One Bourbon, One Scotch, One Beer","George Thorogood & the Destroyers","George Thorogood & the Destroyers",509,15870521,42067,15870518,"Fox Sports 710","SPORTS","ND","Sports"
"1657_1778182737","2026-05-07 19:38:57","2026-05-09 00:49:05.813","1657","Girl U Want","Devo","Freedom of Choice",177,28170845,6172,28170844,"Fox Sports 710","SPORTS","ND","Sports"
"1657_1778182545","2026-05-07 19:35:45","2026-05-09 00:49:05.813","1657","Just the Same Way","Journey","Evolution",198,2569088,3801,2569064,"Fox Sports 710","SPORTS","ND","Sports"
"9257_1778182507","2026-05-07 19:35:07","2026-05-09 01:57:04.377","9257","遇见更幸福的自己","叶炫清","彩虹的重力",248,-1,-1,-1,"Real Southern Gospel Radio","OTHER","states/US-NAT","US Partner Digital"
"1657_1778182312","2026-05-07 19:31:52","2026-05-09 00:49:05.813","1657","Freeze-Frame","J. Geils Band","Freeze Frame",237,552159,36140,552158,"Fox Sports 710","SPORTS","ND","Sports"
"10361_1778182266","2026-05-07 19:31:06","2026-05-13 03:13:10.858","10361","This Is Amazing Grace","Phil Wickham","The Ascension (Deluxe)",279,120985975,89487,120985971,"89.1 Crossway Radio","OTHER","PA","Christian & Gospel"
"10453_1778182246","2026-05-07 19:30:46","2026-05-08 23:45:08.542","10453","b.u.d.d.y.","Musiq Soulchild","Buddy",224,1020716,58756,1020715,"ESPN 94.7",,"OH","Sports"
"9257_1778182230","2026-05-07 19:30:30","2026-05-09 00:49:23.342","9257","Les Eaux De Mars","Stacey Kent","Cafe De Europe",217,-1,-1,-1,"Real Southern Gospel Radio","OTHER","states/US-NAT","US Partner Digital"
"9257_1778182138","2026-05-07 19:28:58","2026-05-08 23:42:29.335","9257","Even if we disappear","DAWN 던","DAWN X MY DEMON",237,247398360,40851243,247398359,"Real Southern Gospel Radio","OTHER","states/US-NAT","US Partner Digital"
"1657_1778182073","2026-05-07 19:27:53","2026-05-09 00:49:05.813","1657","(Gotta Get A) Meal Ticket","Elton John","Captain Fantastic And The Brown Dirt Cowboy",240,692129,5041,692126,"Fox Sports 710","SPORTS","ND","Sports"
"10109_1778182055","2026-05-07 19:27:35","2026-05-09 04:26:38.652","10109","Unashamed","Matthew West","Don't Stop Praying",220,278541621,33420,278541617,"90.9 KCBI-HD2","OTHER","states/US-NAT","US Partner Digital"
"9257_1778182045","2026-05-07 19:27:25","2026-05-08 23:42:29.335","9257","Musical Intro","Ijahman Levi","Ijahman Levi Live in Nostang",387,-1,-1,-1,"Real Southern Gospel Radio","OTHER","states/US-NAT","US Partner Digital"
"10109_1778181965","2026-05-07 19:26:05","2026-05-09 03:04:49.637","10109","Friend in Jesus","CAIN","Friend in Jesus",222,272969077,34145265,272969076,"90.9 KCBI-HD2","OTHER","states/US-NAT","US Partner Digital"
"1657_1778181825","2026-05-07 19:23:45","2026-05-09 00:49:05.813","1657","Isn't Life Strange","The Moody Blues","Seventh Sojourn",361,582524,39193,582516,"Fox Sports 710","SPORTS","ND","Sports"
"1657_1778181549","2026-05-07 19:19:09","2026-05-09 00:49:05.813","1657","Lovely To See You","The Moody Blues","On The Threshold Of A Dream",154,594344,39193,594335,"Fox Sports 710","SPORTS","ND","Sports"
"1657_1778181353","2026-05-07 19:15:53","2026-05-09 00:49:05.813","1657","Refugee","Tom Petty","Damn The Torpedoes",201,10399704,1805,10399703,"Fox Sports 710","SPORTS","ND","Sports"
"9257_1778181299","2026-05-07 19:14:59","2026-05-08 22:26:24.274","9257","Three Nails Instead","The Nelons","Loving You",228,281617714,27284,281617705,"Real Southern Gospel Radio","OTHER","states/US-NAT","US Partner Digital"
"1657_1778181094","2026-05-07 19:11:34","2026-05-09 00:49:05.813","1657","Bang a Gong (Get It On)","T. Rex","Electric Warrior [Expanded & Remastered]",267,2449876,59900,2449870,"Fox Sports 710","SPORTS","ND","Sports"
"10109_1778181046","2026-05-07 19:10:46","2026-05-09 00:52:04.594","10109","Jesus at a Distance","Casting Crowns","Healer",228,177808096,89484,177808093,"90.9 KCBI-HD2","OTHER","states/US-NAT","US Partner Digital"
"1657_1778180908","2026-05-07 19:08:28","2026-05-09 00:49:05.813","1657","Whole Lotta Love","Led Zeppelin","Led Zeppelin II",334,26823535,1807,26823533,"Fox Sports 710","SPORTS","ND","Sports"
"11379_1778180745","2026-05-07 19:05:45","2026-05-11 13:54:31.920","11379","Moog and Viola","Aitor Etxebarria","Intimidad (Soundtrack from the Netflix Series)",61,177129713,33410415,177129704,"Red Eye Radio",,"states/US-NAT","US Partner Digital"
"10453_1778180577","2026-05-07 19:02:57","2026-05-08 23:45:08.542","10453","Magnolia Soul","Ozomatli","Don't Mess With The Dragon",200,572232,33836,572227,"ESPN 94.7",,"OH","Sports"
"1657_1778180452","2026-05-07 19:00:52","2026-05-08 23:42:04.178","1657","While You See A Chance","Steve Winwood","Arc Of A Diver",311,80223046,31660,80223045,"Fox Sports 710","SPORTS","ND","Sports"
"9197_1778179992","2026-05-07 18:53:12","2026-05-11 22:46:25.284","9197","The Lord's Prayer (It's Yours)","Matt Maher","The Lord's Prayer (It's Yours)",202,171290384,117533,171290383,"1640 KDIA","OTHER","CA","Christian & Gospel"
"1657_1778179866","2026-05-07 18:51:06","2026-05-08 23:42:04.178","1657","I'll Fall In Love Again","Sammy Hagar","Standing Hampton",250,783695,28481,783685,"Fox Sports 710","SPORTS","ND","Sports"
"1657_1778179631","2026-05-07 18:47:11","2026-05-08 23:42:04.178","1657","Lay It On The Line","Triumph","Just A Game",245,276482486,342295,276482484,"Fox Sports 710","SPORTS","ND","Sports"
"1657_1778179407","2026-05-07 18:43:27","2026-05-08 23:42:04.178","1657","Funk #49","James Gang","Rides Again",235,634758,39084,634749,"Fox Sports 710","SPORTS","ND","Sports"
"1657_1778179146","2026-05-07 18:39:06","2026-05-08 23:42:04.178","1657","The Fire Down Below","Bob Seger","Night Moves",265,48054798,86960,48054795,"Fox Sports 710","SPORTS","ND","Sports"
"1657_1778179016","2026-05-07 18:36:56","2026-05-08 23:42:04.178","1657","Never Going Back Again","Fleetwood Mac","Rumours",134,21601902,7046,21601895,"Fox Sports 710","SPORTS","ND","Sports"
"1657_1778178828","2026-05-07 18:33:48","2026-05-08 23:42:04.178","1657","Long Red","Mountain","Over The Top",197,2609696,4004,2599837,"Fox Sports 710","SPORTS","ND","Sports"
"7376_1778178626","2026-05-07 18:30:26","2026-05-13 03:11:09.942","7376","Who Am I","Casting Crowns","Casting Crowns",325,2539386,89484,2538486,"89.7 Bridge FM","OTHER","NJ","Christian & Gospel"
"10767_1778177114","2026-05-07 18:05:14","2026-05-11 03:59:42.476","10767","Talking Backwards","Real Estate","Atlas",187,-1,-1,-1,"RadioNemo",,"states/US-NAT","US Partner Digital"
"5176_1778177034","2026-05-07 18:03:54","2026-05-13 03:06:05.783","5176","Sin Poderte Hablar","Willie Colón","Greatest Hits",325,73829435,474,73829424,"WKAQ 580","SPANISH","PR","Spanish"
"9257_1778176786","2026-05-07 17:59:46","2026-05-08 22:26:24.274","9257","The Edge (feat. Frank McComb)","Marqueal Jordan","Intention & Purpose",281,89349239,32648331,89349234,"Real Southern Gospel Radio","OTHER","states/US-NAT","US Partner Digital"
"8772_1778176753","2026-05-07 17:59:13","2026-05-11 14:56:55.721","8772","Turn Me On","Kevin Lyttle","Kevin Lyttle",192,2448484,32800,2448483,"BIN 1600","NEWSTALK","NY","News & Talk"
"10109_1778176424","2026-05-07 17:53:44","2026-05-09 00:52:04.594","10109","Unashamed","Matthew West","Don't Stop Praying",220,278541621,33420,278541617,"90.9 KCBI-HD2","OTHER","states/US-NAT","US Partner Digital"
"2277_1778176254","2026-05-07 17:50:54","2026-05-13 03:07:16.581","2277","Tumbling Dice","The Rolling Stones","Exile On Main Street",225,7592236,39467,7592231,"KPRC AM 950","NEWSTALK","TX","News & Talk"
"8772_1778175875","2026-05-07 17:44:35","2026-05-11 14:56:55.721","8772","Just Wanna Rock","LIL UZI VERT","Just Wanna Rock",123,188085839,31083712,188085838,"BIN 1600","NEWSTALK","NY","News & Talk"
"8772_1778175544","2026-05-07 17:39:04","2026-05-11 14:56:55.721","8772","MUTT","Leon Thomas","MUTT",193,290339133,116690,290339122,"BIN 1600","NEWSTALK","NY","News & Talk"
"11530_1778175353","2026-05-07 17:35:53","2026-05-09 06:43:52.006","11530","Sube La Marea","Gaitanes Feat. Rubén Blades, Omar Alfano, Erika Ender, Emilio Regueira, Osvaldo Ayala, Samy & Sandra Sandoval, Nando Boom, Kafú Bantom, Ingrid De Icaza, Idana, Sr. Loop & Alejandro Duncan (All Stars Panamá)","Sube La Marea [Single]",197,-1,-1,-1,"TUDN Houston",,"TX","Spanish"
"2277_1778175306","2026-05-07 17:35:06","2026-05-13 03:07:16.581","2277","Peg","Steely Dan","Aja",236,235511144,2594,235511140,"KPRC AM 950","NEWSTALK","TX","News & Talk"
"389_1778175229","2026-05-07 17:33:49","2026-05-12 21:34:54.918","389","End Of The Line","The Traveling Wilburys","The Traveling Wilburys, Vol. 1",210,40442196,59989,40442186,"850 AM / 94.1 FM KOA","NEWSTALK","CO","News & Talk"
"8772_1778174935","2026-05-07 17:28:55","2026-05-11 14:56:55.721","8772","Take Care","Drake & Rihanna","Take Care",277,64518938,44512,64518933,"BIN 1600","NEWSTALK","NY","News & Talk"
"8772_1778174575","2026-05-07 17:22:55","2026-05-11 13:49:26.406","8772","wgft (feat. Burna Boy)","Gunna","The Last Wun",184,343871455,30193508,343871446,"BIN 1600","NEWSTALK","NY","News & Talk"
"2277_1778174333","2026-05-07 17:18:53","2026-05-13 03:07:16.581","2277","The Logical Song","Supertramp","Breakfast In America",237,10484703,39262,10484701,"KPRC AM 950","NEWSTALK","TX","News & Talk"
"8772_1778173591","2026-05-07 17:06:31","2026-05-11 13:49:26.406","8772","Single Ladies (Put a Ring on It)","Beyoncé","I AM...SASHA FIERCE",193,2494889,89266,2491466,"BIN 1600","NEWSTALK","NY","News & Talk"
"11530_1778173282","2026-05-07 17:01:22","2026-05-09 05:38:43.747","11530","The Cup of Life (La Copa De La Vida) [The Official Song of the World Cup, France '98][English]","Ricky Martin","The Greatest Hits",272,36534858,35545,36534852,"TUDN Houston",,"TX","Spanish"
"8772_1778172970","2026-05-07 16:56:10","2026-05-11 13:49:26.406","8772","Bed","J. Holiday","Bed",275,533469,33308,533468,"BIN 1600","NEWSTALK","NY","News & Talk"
"10109_1778172953","2026-05-07 16:55:53","2026-05-08 22:35:27.892","10109","Jesus at a Distance","Casting Crowns","Healer",228,177808096,89484,177808093,"90.9 KCBI-HD2","OTHER","states/US-NAT","US Partner Digital"
"11379_1778172882","2026-05-07 16:54:42","2026-05-11 12:46:34.111","11379","Adagio (For Bob Collymore)","Jef Neve","Mysterium",270,109117914,30819686,109117912,"Red Eye Radio",,"states/US-NAT","US Partner Digital"
"8772_1778172704","2026-05-07 16:51:44","2026-05-11 13:49:26.406","8772","It Depends","Chris Brown feat. Bryson Tiller","It Depends",271,341253345,33210,341253344,"BIN 1600","NEWSTALK","NY","News & Talk"
"8772_1778171772","2026-05-07 16:36:12","2026-05-11 13:49:26.406","8772","What You Saying","LIL UZI VERT","What You Saying",131,368995827,31083712,368995826,"BIN 1600","NEWSTALK","NY","News & Talk"
"389_1778171553","2026-05-07 16:32:33","2026-05-12 20:28:42.047","389","Creep","Radiohead","Pablo Honey",238,39318732,974,39318730,"850 AM / 94.1 FM KOA","NEWSTALK","CO","News & Talk"
"10453_1778170389","2026-05-07 16:13:09","2026-05-08 22:35:48.518","10453","Overleve","Ukendt Kunstner","Den Anden Side",433,38668952,877687,38668941,"ESPN 94.7",,"OH","Sports"
"9985_1778170358","2026-05-07 16:12:38","2026-05-09 07:58:05.144","9985","ロッキーのテーマ Gonna Fly Now（スポーツ アクション ムービー ""Rocky""）","Gold Rush Studio Orchestra","究極のムービー・ミュージック&テーマ・ミュージック ベスト50",287,37455071,30786295,37455062,"La Poderosa","SPANISH","FL","Spanish"
"5956_1778169764","2026-05-07 16:02:44","2026-05-10 12:20:13.006","5956","擅长等待","张智成","18",292,-1,-1,-1,"93.9 KPDQ","Prov_Salem","OR","Christian & Gospel"
"9985_1778169640","2026-05-07 16:00:40","2026-05-09 07:58:05.144","9985","Sing, Sing, Sing, Pts. 1 & 2","Benny Goodman","Plays Jimmy Mundy",525,203001563,3085,203001547,"La Poderosa","SPANISH","FL","Spanish"
"5176_1778169618","2026-05-07 16:00:18","2026-05-13 03:06:05.783","5176","Chan Chan","Buena Vista Social Club","Buena Vista Social Club",258,370793174,58533,370793173,"WKAQ 580","SPANISH","PR","Spanish"
"9197_1778169497","2026-05-07 15:58:17","2026-05-11 18:17:30.747","9197","Gospel Song","Rhett Walker","Gospel Song - EP",193,139068428,32947495,139068425,"1640 KDIA","OTHER","CA","Christian & Gospel"
"4245_1778168906","2026-05-07 15:48:26","2026-05-13 03:06:34.772","4245","All For You","Sister Hazel","...Somewhere More Familiar",218,820236,43758,820234,"NewsTalk 1130 WISN","NEWSTALK","WI","News & Talk"
"7837_1778168876","2026-05-07 15:47:56","2026-05-09 11:20:44.054","7837","Who Am I","Casting Crowns","Casting Crowns",335,2539386,89484,2538486,"AM 630 KCIS","Prov_Crista","WA","Christian & Gospel"
"4245_1778167940","2026-05-07 15:32:20","2026-05-13 03:06:34.772","4245","Lick It Up","Kiss","Lick It Up",239,833423,35150,833419,"NewsTalk 1130 WISN","NEWSTALK","WI","News & Talk"
"9985_1778167868","2026-05-07 15:31:08","2026-05-09 07:58:05.144","9985","Don't Stop Believin'","Journey","Escape",250,179865948,3801,179865947,"La Poderosa","SPANISH","FL","Spanish"
"7837_1778167666","2026-05-07 15:27:46","2026-05-09 11:20:44.054","7837","He Reigns","Newsboys","Adoration",294,389105,7616,389104,"AM 630 KCIS","Prov_Crista","WA","Christian & Gospel"
"10767_1778167463","2026-05-07 15:24:23","2026-05-11 03:59:42.476","10767","2am","Slightly Stoopid","Chronchitis",299,51806403,6196,51806399,"RadioNemo",,"states/US-NAT","US Partner Digital"
"7837_1778167440","2026-05-07 15:24:00","2026-05-09 10:12:29.823","7837","Who I Am","Ben Fuller","Who I Am",208,170538214,287720,170538212,"AM 630 KCIS","Prov_Crista","WA","Christian & Gospel"
"7837_1778166988","2026-05-07 15:16:28","2026-05-09 10:12:29.823","7837","Holy Forever","Chris Tomlin","O Lord, You're Beautiful",307,179355063,28429,179355061,"AM 630 KCIS","Prov_Crista","WA","Christian & Gospel"
"6480_1778165832","2026-05-07 14:57:12","2026-05-09 09:06:39.004","6480","Earth to God","John Rich","Earth to God",178,111566501,58367,111566500,"99.5 KDIS","Prov_Salem","AR","Christian & Gospel"
"10109_1778165763","2026-05-07 14:56:03","2026-05-08 22:35:27.892","10109","Friend in Jesus","CAIN","Friend in Jesus",222,272969077,34145265,272969076,"90.9 KCBI-HD2","OTHER","states/US-NAT","US Partner Digital"
"7837_1778165666","2026-05-07 14:54:26","2026-05-09 09:04:15.277","7837","Great Is The Lord","Michael Smith","Project",174,2949331,106452,2948504,"AM 630 KCIS","Prov_Crista","WA","Christian & Gospel"
"4245_1778165366","2026-05-07 14:49:26","2026-05-13 03:06:34.772","4245","Turn This Truck Around","Jordan Davis","Turn This Truck Around",204,340887509,404877,340887508,"NewsTalk 1130 WISN","NEWSTALK","WI","News & Talk"
"7837_1778164890","2026-05-07 14:41:30","2026-05-09 09:04:15.277","7837","Lord, I Need You","Matt Maher","All The People Said Amen",205,21193155,117533,21193150,"AM 630 KCIS","Prov_Crista","WA","Christian & Gospel"
"10767_1778163359","2026-05-07 14:15:59","2026-05-11 03:59:42.476","10767","Nashville Blues","The Nitty Gritty Dirt Band","Will The Circle Be Unbroken",195,395996,28309,395991,"RadioNemo",,"states/US-NAT","US Partner Digital"
"9494_1778162261","2026-05-07 13:57:41","2026-05-09 03:04:12.667","9494","Eres Mi Sueño","Fonseca","Eres Mi Sueño",209,46993737,33595,46993736,"Caracol Radio","SPANISH","states/US-NAT","Spanish"
"10767_1778162215","2026-05-07 13:56:55","2026-05-11 02:55:16.124","10767","Miss You Much","Janet Jackson","Rhythm Nation 1814",251,594933,29436,594920,"RadioNemo",,"states/US-NAT","US Partner Digital"
"5176_1778161924","2026-05-07 13:52:04","2026-05-13 03:06:05.783","5176","This Was Never Meant for Us","Moby","Future Quiet",300,390958758,16233,390958756,"WKAQ 580","SPANISH","PR","Spanish"
"5981_1778160564","2026-05-07 13:29:24","2026-05-09 10:12:42.851","5981","I Lift My Hands","Chris Tomlin","And If Our God Is For Us...",277,10328690,28429,10328687,"SportsRadio 760","SPORTS","HI","Country"
"5981_1778160358","2026-05-07 13:25:58","2026-05-09 10:12:42.851","5981","On And On","Canyon Hills Worship","On And On",334,385404098,32441711,385404097,"SportsRadio 760","SPORTS","HI","Country"
"5981_1778160132","2026-05-07 13:22:12","2026-05-09 09:04:41.908","5981","Awake My Soul","Hillsong Worship, Tasha Cobbs Leonard & Brooke Ligertwood","Awake",225,104873391,30412158,104873363,"SportsRadio 760","SPORTS","HI","Country"
"1661_1778159944","2026-05-07 13:19:04","2026-05-09 14:48:52.805","1661","Adagio For Strings","Tiësto","A State Of Trance - 15 Years",206,45407771,61055,45407769,"550 / 99.7 KFYR","NEWSTALK","ND","News & Talk"
"5981_1778159787","2026-05-07 13:16:27","2026-05-09 09:04:41.908","5981","Gratitude","Brandon Lake","House Of Miracles",337,110261534,31186772,110261527,"SportsRadio 760","SPORTS","HI","Country"
"5981_1778159540","2026-05-07 13:12:20","2026-05-09 09:04:41.908","5981","Good Good Father","Chris Tomlin","Never Lose Sight",291,43009733,28429,43009732,"SportsRadio 760","SPORTS","HI","Country"
"1661_1778159516","2026-05-07 13:11:56","2026-05-09 14:48:52.805","1661","Just the Same Way","Journey","Evolution",198,2569088,3801,2569064,"550 / 99.7 KFYR","NEWSTALK","ND","News & Talk"
"5981_1778159301","2026-05-07 13:08:21","2026-05-09 09:04:41.908","5981","No Longer Slaves","Jonathan David Helser & Melissa Helser","Beautiful Surrender",250,108361147,912743,108361135,"SportsRadio 760","SPORTS","HI","Country"
"5981_1778159051","2026-05-07 13:04:11","2026-05-09 09:04:41.908","5981","King Of Kings","Hillsong Worship and Brooke Ligertwood","King Of Kings",264,75097683,30412158,75097682,"SportsRadio 760","SPORTS","HI","Country"
"5981_1778158862","2026-05-07 13:01:02","2026-05-09 09:04:41.908","5981","Our God","Chris Tomlin","And If Our God Is For Us...",284,10328688,28429,10328687,"SportsRadio 760","SPORTS","HI","Country"
"10361_1778158804","2026-05-07 13:00:04","2026-05-13 03:13:10.858","10361","Come To The Table","Sidewalk Prophets","Come To The Table",278,34517213,58925,34517211,"89.1 Crossway Radio","OTHER","PA","Christian & Gospel"
"7837_1778158771","2026-05-07 12:59:31","2026-05-09 07:49:47.050","7837","Who I Am","Ben Fuller","Who I Am",208,170538214,287720,170538212,"AM 630 KCIS","Prov_Crista","WA","Christian & Gospel"
"1857_1778158387","2026-05-07 12:53:07","2026-05-13 03:07:53.622","1857","Don't Take Me Alive","Steely Dan","The Royal Scam",254,331701571,2594,331701568,"NewsRadio 1370 WSPD","NEWSTALK","OH","News & Talk"
"4027_1778158247","2026-05-07 12:50:47","2026-05-12 09:38:12.056","4027","What's Your Name","Lynyrd Skynyrd","Street Survivors",211,60592262,35147,60592261,"NewsRadio 580 WHP","NEWSTALK","PA","News & Talk"
"10767_1778157932","2026-05-07 12:45:32","2026-05-11 01:50:39.275","10767","The Big Finish","Brian Tyler","Now You See Me 2",236,40564338,43654,40564315,"RadioNemo",,"states/US-NAT","US Partner Digital"
"1857_1778157504","2026-05-07 12:38:24","2026-05-13 03:07:53.622","1857","Aja","Steely Dan","Aja",476,235511142,2594,235511140,"NewsRadio 1370 WSPD","NEWSTALK","OH","News & Talk"
"1709_1778157471","2026-05-07 12:37:51","2026-05-12 09:38:01.077","1709","The Hungry Wolf","X","Rhino Hi-Five: X",227,1075947,6800,1075944,"55KRC","NEWSTALK","OH","News & Talk"
"6130_1778157386","2026-05-07 12:36:26","2026-05-13 03:10:58.773","6130","Mass of the Angels - Gloria","Daughters Of Mary","A Day in the Cloister",180,-1,-1,-1,"EWTN Radio","OTHER","states/US-NAT","US Partner Digital"
"1593_1778157325","2026-05-07 12:35:25","2026-05-13 03:08:19.954","1593","Roadhouse Blues","Blue Öyster Cult","Extraterrestrial Live",546,2773479,40424,2773450,"NewsRadio 570 WWNC","NEWSTALK","NC","News & Talk"
"4027_1778156880","2026-05-07 12:28:00","2026-05-12 09:38:12.056","4027","Raspberry Beret","Prince & Prince and The Revolution","Around The World In A Day",211,120218053,3403,120218049,"NewsRadio 580 WHP","NEWSTALK","PA","News & Talk"
"6480_1778156825","2026-05-07 12:27:05","2026-05-09 09:06:39.004","6480","Beethoven: Piano Sonata No. 11 in B-Flat Major, Op. 22: I. Allegro con brio","HJ Lim","Beethoven: Complete Piano Sonatas",419,18709440,767666,18709401,"99.5 KDIS","Prov_Salem","AR","Christian & Gospel"
"10109_1778156797","2026-05-07 12:26:37","2026-05-08 22:35:27.892","10109","Unashamed","Matthew West","Don't Stop Praying",220,278541621,33420,278541617,"90.9 KCBI-HD2","OTHER","states/US-NAT","US Partner Digital"
"1857_1778156659","2026-05-07 12:24:19","2026-05-13 03:07:53.622","1857","Charlie Freak","Steely Dan","Pretzel Logic",161,226616786,2594,226616775,"NewsRadio 1370 WSPD","NEWSTALK","OH","News & Talk"
"1709_1778156561","2026-05-07 12:22:41","2026-05-12 09:38:01.077","1709","Heaven Nor Hell","Volbeat","Beyond Hell / Above Heaven",322,157879128,369683,157879126,"55KRC","NEWSTALK","OH","News & Talk"
"4027_1778156455","2026-05-07 12:20:55","2026-05-12 09:38:12.056","4027","Something So Strong","Crowded House","Crowded House",171,42739249,4256,42739243,"NewsRadio 580 WHP","NEWSTALK","PA","News & Talk"
"1661_1778155826","2026-05-07 12:10:26","2026-05-09 14:48:52.805","1661","Hotel California","Eagles","Hotel California",391,51917651,59842,51917650,"550 / 99.7 KFYR","NEWSTALK","ND","News & Talk"
"5974_1778155487","2026-05-07 12:04:47","2026-05-11 02:52:29.202","5974","This Is Amazing Grace","Phil Wickham","The Ascension (Deluxe)",279,120985975,89487,120985971,"94-7 FM The Word","Prov_Salem","CO","Christian & Gospel"
"11379_1778155375","2026-05-07 12:02:55","2026-05-11 12:46:34.111","11379","Far from a Mind","Hater","Sincere",192,201062416,30624960,201062410,"Red Eye Radio",,"states/US-NAT","US Partner Digital"
"5974_1778155227","2026-05-07 12:00:27","2026-05-11 02:52:29.202","5974","Star Spangled Banner","USAF Tactical Air Command Band","Ceremonial Music",76,-1,-1,-1,"94-7 FM The Word","Prov_Salem","CO","Christian & Gospel"
"11530_1778154910","2026-05-07 11:55:10","2026-05-09 05:38:43.747","11530","Tiburon","Proyecto Uno & Magic Juan","Exitos",302,94151896,33528428,94151892,"TUDN Houston",,"TX","Spanish"
"4027_1778154677","2026-05-07 11:51:17","2026-05-11 12:42:34.274","4027","Dream Police","Cheap Trick","Dream Police",233,2589830,35148,2583959,"NewsRadio 580 WHP","NEWSTALK","PA","News & Talk"
"1593_1778154254","2026-05-07 11:44:14","2026-05-13 03:08:19.954","1593","Weird Science","Oingo Boingo","Dead Man's Party",370,777501,33457,777495,"NewsRadio 570 WWNC","NEWSTALK","NC","News & Talk"
"11530_1778154088","2026-05-07 11:41:28","2026-05-09 05:38:43.747","11530","La Cosa Mas Bella","Eros Ramazzotti","e2",267,13203735,44141,13203724,"TUDN Houston",,"TX","Spanish"
"1713_1778153855","2026-05-07 11:37:35","2026-05-12 10:41:59.281","1713","Mercy Mercy Me (The Ecology)","Marvin Gaye","What's Going On",193,116791908,1489,116791902,"NewsRadio 700 WLW","NEWSTALK","OH","News & Talk"
"11530_1778153688","2026-05-07 11:34:48","2026-05-09 05:38:43.747","11530","Tu Sonrisa","Elvis Crespo","Suavemente",273,2216921,40795,2216894,"TUDN Houston",,"TX","Spanish"
"11530_1778152997","2026-05-07 11:23:17","2026-05-09 05:38:43.747","11530","LA GRACIOSA","Quevedo & Elvis Crespo","EL BAIFO",257,396908762,31757482,396908750,"TUDN Houston",,"TX","Spanish"
"11530_1778152547","2026-05-07 11:15:47","2026-05-09 02:00:00.119","11530","La Colegiala","Calo","Leyenda",248,78775559,31393724,78775553,"TUDN Houston",,"TX","Spanish"
"1661_1778152270","2026-05-07 11:11:10","2026-05-09 14:48:52.805","1661","Do I Do","Stevie Wonder","Original Musiquarium",630,83169947,3404,83169931,"550 / 99.7 KFYR","NEWSTALK","ND","News & Talk"
"4027_1778152160","2026-05-07 11:09:20","2026-05-11 11:36:57.509","4027","Too Late for Goodbyes","Julian Lennon","Valotte",213,1120007,34175,1120001,"NewsRadio 580 WHP","NEWSTALK","PA","News & Talk"
"1713_1778152017","2026-05-07 11:06:57","2026-05-12 10:41:59.281","1713","Come See About Me","Diana Ross & the Supremes","Where Did Our Love Go",161,19258563,39683,19258558,"NewsRadio 700 WLW","NEWSTALK","OH","News & Talk"
"1709_1778151964","2026-05-07 11:06:04","2026-05-12 09:38:01.077","1709","Lateralus","TOOL","Lateralus",564,77407710,6767,77407701,"55KRC","NEWSTALK","OH","News & Talk"
"6130_1778151626","2026-05-07 11:00:26","2026-05-13 03:10:58.773","6130","At the Entrance to the Alley","Busker Busker","Busker Busker 1st",197,191693171,33420131,191693163,"EWTN Radio","OTHER","states/US-NAT","US Partner Digital"
"11379_1778151249","2026-05-07 10:54:09","2026-05-11 12:46:34.111","11379","Adagio (For Bob Collymore)","Jef Neve","Mysterium",270,109117914,30819686,109117912,"Red Eye Radio",,"states/US-NAT","US Partner Digital"
"4027_1778151045","2026-05-07 10:50:45","2026-05-11 11:36:57.509","4027","Blue Collar Man (Long Nights)","Styx","Pieces Of Eight",246,620936,35145,620930,"NewsRadio 580 WHP","NEWSTALK","PA","News & Talk"
"10767_1778150800","2026-05-07 10:46:40","2026-05-11 00:45:35.317","10767","I've Been Everywhere","Hank Snow","I've Been Everywhere",165,24396477,12077,24396476,"RadioNemo",,"states/US-NAT","US Partner Digital"
"1713_1778150208","2026-05-07 10:36:48","2026-05-12 09:37:27.215","1713","The Tears Of A Clown","Smokey Robinson & the Miracles","Make It Happen",176,67552149,32209,67552137,"NewsRadio 700 WLW","NEWSTALK","OH","News & Talk"
"4027_1778150185","2026-05-07 10:36:25","2026-05-11 11:36:57.509","4027","Drift Away","Dobie Gray","Drift Away",237,300533043,9371,300533042,"NewsRadio 580 WHP","NEWSTALK","PA","News & Talk"
"7837_1778149913","2026-05-07 10:31:53","2026-05-09 07:49:47.050","7837","Great Is Thy Faithfulness","Eric Nordhoff","Quietime Worship",425,165358686,383037,165358677,"AM 630 KCIS","Prov_Crista","WA","Christian & Gospel"
"1593_1778149764","2026-05-07 10:29:24","2026-05-13 03:08:19.954","1593","Keep Your Hands to Yourself","Georgia Satellites","Georgia Satellites",205,69557066,44851053,69557065,"NewsRadio 570 WWNC","NEWSTALK","NC","News & Talk"
"4027_1778149692","2026-05-07 10:28:12","2026-05-11 11:36:57.509","4027","Come On Eileen","Dexys Midnight Runners","Too Rye Ay",278,86472356,43973,86472346,"NewsRadio 580 WHP","NEWSTALK","PA","News & Talk"
"1661_1778149616","2026-05-07 10:26:56","2026-05-09 12:33:23.855","1661","Run Runaway","Slade","The Amazing Kamikaze Syndrome",326,374806365,71514,374806351,"550 / 99.7 KFYR","NEWSTALK","ND","News & Talk"
"10767_1778149369","2026-05-07 10:22:49","2026-05-11 00:45:35.317","10767","Roll On (Eighteen Wheeler)","Alabama","Roll On",262,2543093,62725,2539238,"RadioNemo",,"states/US-NAT","US Partner Digital"
"9405_1778148799","2026-05-07 10:13:19","2026-05-13 03:09:59.518","9405","Found Out About You","Gin Blossoms","New Miserable Experience",232,722654,4686,722645,"Listen to The Planet","ROCKACTIVE","states/US-NAT","US Partner Digital"
"9405_1778148627","2026-05-07 10:10:27","2026-05-13 03:09:59.518","9405","The Distance","Cake","Fashion Nugget",180,1800590,70491,1800538,"Listen to The Planet","ROCKACTIVE","states/US-NAT","US Partner Digital"
"1661_1778148567","2026-05-07 10:09:27","2026-05-09 12:33:23.855","1661","Drift Away","Dobie Gray","Drift Away",237,300533043,9371,300533042,"550 / 99.7 KFYR","NEWSTALK","ND","News & Talk"
"4027_1778148551","2026-05-07 10:09:11","2026-05-11 11:36:57.509","4027","Puttin’ On The Ritz","Taco","Puttin' On The Ritz (Remix)",282,9317567,261565,9317565,"NewsRadio 580 WHP","NEWSTALK","PA","News & Talk"
"1713_1778148410","2026-05-07 10:06:50","2026-05-12 09:37:27.215","1713","Your Smiling Face","James Taylor","JT",165,2532849,5709,2531883,"NewsRadio 700 WLW","NEWSTALK","OH","News & Talk"
"1661_1778148354","2026-05-07 10:05:54","2026-05-09 12:33:23.855","1661","Feels like the First Time","Foreigner","Foreigner",192,1034910,35146,1034909,"550 / 99.7 KFYR","NEWSTALK","ND","News & Talk"
"9405_1778148241","2026-05-07 10:04:01","2026-05-13 03:09:59.518","9405","All My Life","Foo Fighters","One By One (Expanded Edition)",265,62313287,72280,62313286,"Listen to The Planet","ROCKACTIVE","states/US-NAT","US Partner Digital"
"9405_1778148029","2026-05-07 10:00:29","2026-05-13 03:09:59.518","9405","You're a God","Vertical Horizon","Everything You Want",218,2553445,44908,2538727,"Listen to The Planet","ROCKACTIVE","states/US-NAT","US Partner Digital"
"9405_1778147668","2026-05-07 09:54:28","2026-05-13 03:09:59.518","9405","Last Kiss","Pearl Jam","rearviewmirror (greatest hits 1991-2003)",197,339896726,6765,339896698,"Listen to The Planet","ROCKACTIVE","states/US-NAT","US Partner Digital"
"7232_1778147490","2026-05-07 09:51:30","2026-05-10 11:14:01.773","7232","Our Story Our Song","Prestonwood Worship (featuring Jordan Grizzard)","Songs of the People",295,78150712,32538804,78150708,"620 AM Radio Luz","SPANISH","TX","Spanish"
"9405_1778147415","2026-05-07 09:50:15","2026-05-13 03:09:59.518","9405","Kryptonite","3 Doors Down","The Better Life",233,798227,36646,798226,"Listen to The Planet","ROCKACTIVE","states/US-NAT","US Partner Digital"
"9405_1778147260","2026-05-07 09:47:40","2026-05-13 03:09:59.518","9405","Already Over","Mike Shinoda","Already Over",160,235977240,31959814,235977239,"Listen to The Planet","ROCKACTIVE","states/US-NAT","US Partner Digital"
"9494_1778147138","2026-05-07 09:45:38","2026-05-09 03:04:12.667","9494","Rio","J Balvin","Rio",187,309538715,612002,309538714,"Caracol Radio","SPANISH","states/US-NAT","Spanish"
"9405_1778147044","2026-05-07 09:44:04","2026-05-13 03:09:59.518","9405","Under You","Foo Fighters","But Here We Are",219,218869669,72280,218869667,"Listen to The Planet","ROCKACTIVE","states/US-NAT","US Partner Digital"
"1709_1778146841","2026-05-07 09:40:41","2026-05-12 09:38:01.077","1709","Gasoline","Seether","Disclaimer",169,26930302,80363,26930301,"55KRC","NEWSTALK","OH","News & Talk"
"9405_1778146787","2026-05-07 09:39:47","2026-05-13 03:09:59.518","9405","No One Knows","Queens of the Stone Age","Songs For The Deaf",278,678836,39512,678826,"Listen to The Planet","ROCKACTIVE","states/US-NAT","US Partner Digital"
"7837_1778146541","2026-05-07 09:35:41","2026-05-09 07:49:47.050","7837","Assumer","Slim Lessio","Fruit 2 paix",216,62862631,31520902,62862624,"AM 630 KCIS","Prov_Crista","WA","Christian & Gospel"
"9405_1778146382","2026-05-07 09:33:02","2026-05-13 03:09:59.518","9405","Nice to Know You","Incubus","Monuments And Melodies",283,8445466,6768,8445435,"Listen to The Planet","ROCKACTIVE","states/US-NAT","US Partner Digital"
"1709_1778146152","2026-05-07 09:29:12","2026-05-12 09:38:01.077","1709","Heavy","Collective Soul","Dosage",176,140732400,58182,140732398,"55KRC","NEWSTALK","OH","News & Talk"
"9405_1778146086","2026-05-07 09:28:06","2026-05-13 03:09:59.518","9405","My Own Prison","Creed","My Own Prison",298,26929984,116039,26929981,"Listen to The Planet","ROCKACTIVE","states/US-NAT","US Partner Digital"
"5176_1778145994","2026-05-07 09:26:34","2026-05-13 03:06:05.783","5176","Sonríele","Daddy Yankee","Sonríele",176,337269199,7268,337269198,"WKAQ 580","SPANISH","PR","Spanish"
"9405_1778145855","2026-05-07 09:24:15","2026-05-13 03:09:59.518","9405","The World I Know","Collective Soul","Collective Soul",256,140732239,58182,140732236,"Listen to The Planet","ROCKACTIVE","states/US-NAT","US Partner Digital"
"9494_1778145784","2026-05-07 09:23:04","2026-05-09 03:04:12.667","9494","Milonga Para Una Niña","Andy Montañez","Payaso",202,51949582,2880,51949572,"Caracol Radio","SPANISH","states/US-NAT","Spanish"
"1709_1778145740","2026-05-07 09:22:20","2026-05-12 09:38:01.077","1709","Snow (Hey Oh)","Red Hot Chili Peppers","The Studio Album Collection 1991 - 2011",334,29967743,6771,29844215,"55KRC","NEWSTALK","OH","News & Talk"
"9405_1778145616","2026-05-07 09:20:16","2026-05-13 03:09:59.518","9405","Here And Now","Staind","Confessions Of The Fallen",237,372050434,58118,372050430,"Listen to The Planet","ROCKACTIVE","states/US-NAT","US Partner Digital"
"9985_1778145398","2026-05-07 09:16:38","2026-05-09 07:58:05.144","9985","Ella Me Levantó","Daddy Yankee","El Cartel: The Big Boss",209,307091790,7268,307091784,"La Poderosa","SPANISH","FL","Spanish"
"9405_1778145232","2026-05-07 09:13:52","2026-05-13 03:09:59.518","9405","Bawitdaba","Kid Rock","Devil Without a Cause",266,20424019,58772,20424018,"Listen to The Planet","ROCKACTIVE","states/US-NAT","US Partner Digital"
"6130_1778145049","2026-05-07 09:10:49","2026-05-13 03:10:58.773","6130","Bach: The Well-Tempered Clavier, Book 1 - Prelude #12 In F Minor; BWV 857","Glenn Gould","Bach: The Well-Tempered Clavier, Book 1 [Disc 1]",295,-1,-1,-1,"EWTN Radio","OTHER","states/US-NAT","US Partner Digital"
"9405_1778144994","2026-05-07 09:09:54","2026-05-13 03:09:59.518","9405","Bitter Sweet Symphony","The Verve","Urban Hymns",358,375152,28269,375151,"Listen to The Planet","ROCKACTIVE","states/US-NAT","US Partner Digital"
"6130_1778144892","2026-05-07 09:08:12","2026-05-13 03:10:58.773","6130","Suite bergamasque | III. Clair de lune [Debussy]","Klara Kormendi","Debussy: Suite Bergamasque / Images / Preludes / Arabesques",253,20866358,109755,20866355,"EWTN Radio","OTHER","states/US-NAT","US Partner Digital"
"6130_1778144891","2026-05-07 09:08:11","2026-05-13 03:10:58.773","6130","Suite bergamasque | III. Clair de lune [Debussy]","Klara Kormendi","Debussy: Suite Bergamasque / Images / Preludes / Arabesques",253,20866358,109755,20866355,"EWTN Radio","OTHER","states/US-NAT","US Partner Digital"
"6130_1778144866","2026-05-07 09:07:46","2026-05-13 03:10:58.773","6130","Debussy: Suite Bergamasque, 3rd movement: Clair de lune","Leon Fleisher","Little Big Box of Romance",296,29101043,189118,29101042,"EWTN Radio","OTHER","states/US-NAT","US Partner Digital"
"6130_1778144856","2026-05-07 09:07:36","2026-05-13 03:10:58.773","6130","Clair de Lune","Sandra Kissy","Top 10 Classical Piano Songs",303,346986414,44571820,346986410,"EWTN Radio","OTHER","states/US-NAT","US Partner Digital"
"6130_1778144836","2026-05-07 09:07:16","2026-05-13 03:10:58.773","6130","Debussy: Suite bergamasque, L. 75: III. Clair de lune","John O'Conor","Piano Classics: Popular Works for Solo Piano",302,146487970,68443,146487953,"EWTN Radio","OTHER","states/US-NAT","US Partner Digital"
"9405_1778144697","2026-05-07 09:04:57","2026-05-13 03:09:59.518","9405","No Rain","Blind Melon","Blind Melon",216,7721117,30001,7721110,"Listen to The Planet","ROCKACTIVE","states/US-NAT","US Partner Digital"
"9405_1778144434","2026-05-07 09:00:34","2026-05-13 03:09:59.518","9405","Not An Addict","K's Choice","Paradise In Me",288,16794792,125529,16794786,"Listen to The Planet","ROCKACTIVE","states/US-NAT","US Partner Digital"
"5176_1778144313","2026-05-07 08:58:33","2026-05-13 03:06:05.783","5176","I Believe","Lange","I Believe / Follow Me",565,65959655,388831,65959652,"WKAQ 580","SPANISH","PR","Spanish"
"9405_1778144212","2026-05-07 08:56:52","2026-05-13 03:09:59.518","9405","Cochise","Audioslave","Audioslave",221,1795130,42064,1795039,"Listen to The Planet","ROCKACTIVE","states/US-NAT","US Partner Digital"
"9405_1778143962","2026-05-07 08:52:42","2026-05-13 03:09:59.518","9405","Mr. Jones","Counting Crows","August And Everything After",272,701314,3611,701304,"Listen to The Planet","ROCKACTIVE","states/US-NAT","US Partner Digital"
"7837_1778143821","2026-05-07 08:50:21","2026-05-09 07:49:47.050","7837","Bach: Cantata #140, BWV 140, ""Wachet Auf, Ruft Uns Die Stimme"" - Sleepers Awake","Christopher Parkening","The Great Recordings [Disc 1]",272,-1,-1,-1,"AM 630 KCIS","Prov_Crista","WA","Christian & Gospel"
"9405_1778143772","2026-05-07 08:49:32","2026-05-13 03:09:59.518","9405","Celebrity Skin","Hole","Celebrity Skin",162,648983,30148,648978,"Listen to The Planet","ROCKACTIVE","states/US-NAT","US Partner Digital"
"9405_1778143580","2026-05-07 08:46:20","2026-05-13 03:09:59.518","9405","Elderly Woman Behind the Counter in a Small Town","Pearl Jam","Vs.",195,12953199,6765,12953189,"Listen to The Planet","ROCKACTIVE","states/US-NAT","US Partner Digital"
"9405_1778143426","2026-05-07 08:43:46","2026-05-13 03:09:59.518","9405","Already Over","Mike Shinoda","Already Over",160,235977240,31959814,235977239,"Listen to The Planet","ROCKACTIVE","states/US-NAT","US Partner Digital"
"9494_1778143278","2026-05-07 08:41:18","2026-05-09 03:04:12.667","9494","Casi Te Envidio","Andy Montañez","El Eterno Enamorado",319,-1,-1,-1,"Caracol Radio","SPANISH","states/US-NAT","Spanish"
"9405_1778143207","2026-05-07 08:40:07","2026-05-13 03:09:59.518","9405","Under You","Foo Fighters","But Here We Are",219,218869669,72280,218869667,"Listen to The Planet","ROCKACTIVE","states/US-NAT","US Partner Digital"
"7837_1778142910","2026-05-07 08:35:10","2026-05-09 06:40:44.568","7837","Open Our Eyes","Maranatha Music","Praise 1 - The Praise Album",288,34837244,30053868,34837225,"AM 630 KCIS","Prov_Crista","WA","Christian & Gospel"
"10257_1778142906","2026-05-07 08:35:06","2026-05-13 03:13:10.404","10257","Born to Run","Emmylou Harris","Cimarron",227,13294064,58544,13294058,"Classic Country 94.5 / 1350","COUNTRY","SD","Country"
"10263_1778142867","2026-05-07 08:34:27","2026-05-13 03:13:10.012","10263","Who Are You","The Who","Who Are You",381,60596803,3800,60596794,"Power 106","ROCKCLASSIC","SD","Classic Rock"
"5694_1778142793","2026-05-07 08:33:13","2026-05-13 03:08:12.768","5694","party 4 u","Charli XCX","how i'm feeling now",296,101937100,843657,101937091,"Power 103",,"TX","Top 40 & Pop"
"9405_1778142707","2026-05-07 08:31:47","2026-05-13 03:09:59.518","9405","It's Been Awhile","Staind","Break the Cycle",265,1019988,58118,1019984,"Listen to The Planet","ROCKACTIVE","states/US-NAT","US Partner Digital"
"10257_1778142698","2026-05-07 08:31:38","2026-05-13 03:13:10.404","10257","Good Morning Beautiful","Steve Holy","Blue Moon",210,15638585,661393,15638573,"Classic Country 94.5 / 1350","COUNTRY","SD","Country"
"11379_1778142628","2026-05-07 08:30:28","2026-05-11 11:40:47.676","11379","Tropique","Wild & Free","Low Pressure",359,31903217,30839977,31903215,"Red Eye Radio",,"states/US-NAT","US Partner Digital"
"10263_1778142520","2026-05-07 08:28:40","2026-05-13 03:13:10.012","10263","American Woman","The Guess Who","American Woman (Expanded Edition)",309,102661680,118315,102661679,"Power 106","ROCKCLASSIC","SD","Classic Rock"
"9405_1778142511","2026-05-07 08:28:31","2026-05-13 03:09:59.518","9405","Ocean Avenue","Yellowcard","Ocean Avenue",197,10293686,3739,10293683,"Listen to The Planet","ROCKACTIVE","states/US-NAT","US Partner Digital"
"10257_1778142487","2026-05-07 08:28:07","2026-05-13 03:13:10.404","10257","Lookin' for Love","Johnny Lee","Lookin' For Love",220,2028525,8829,2028524,"Classic Country 94.5 / 1350","COUNTRY","SD","Country"
"7232_1778142449","2026-05-07 08:27:29","2026-05-10 11:14:01.773","7232","Earth to God","John Rich","Earth to God",178,111566501,58367,111566500,"620 AM Radio Luz","SPANISH","TX","Spanish"
"10263_1778142284","2026-05-07 08:24:44","2026-05-13 03:13:10.012","10263","The Other Side","Aerosmith","Big Ones",244,605193,39229,605188,"Power 106","ROCKCLASSIC","SD","Classic Rock"
"10257_1778142259","2026-05-07 08:24:19","2026-05-13 03:13:10.404","10257","A Bruna É Foda","DJ Batata & MC Bruna Alves","A Bruna É Foda",119,116799909,35294682,116799908,"Classic Country 94.5 / 1350","COUNTRY","SD","Country"
"9405_1778142257","2026-05-07 08:24:17","2026-05-13 03:09:59.518","9405","Everything You Want","Vertical Horizon","Everything You Want",256,2548696,44908,2538727,"Listen to The Planet","ROCKACTIVE","states/US-NAT","US Partner Digital"
"7837_1778142228","2026-05-07 08:23:48","2026-05-08 23:41:35.518","7837","Swallowtail Butterfly ～あいのうた～","つじあやの","COVER GIRL [Disc 2]",276,-1,-1,-1,"AM 630 KCIS","Prov_Crista","WA","Christian & Gospel"
"10257_1778142123","2026-05-07 08:22:03","2026-05-13 03:13:10.404","10257","Abilene","George Hamilton IV","Abilene",133,24567161,10043,24567153,"Classic Country 94.5 / 1350","COUNTRY","SD","Country"
"10263_1778142012","2026-05-07 08:20:12","2026-05-13 03:13:10.012","10263","Crazy On You","Heart","Dreamboat Annie",293,553384,30587,553381,"Power 106","ROCKCLASSIC","SD","Classic Rock"
"9405_1778141990","2026-05-07 08:19:50","2026-05-13 03:09:59.518","9405","Standing Outside a Broken Phone Booth with Money in My Hand","Primitive Radio Gods","Rocket (Edited)",338,2533912,119987,2532081,"Listen to The Planet","ROCKACTIVE","states/US-NAT","US Partner Digital"
"9494_1778141890","2026-05-07 08:18:10","2026-05-09 03:04:12.667","9494","Tonto","J Balvin, Ryan Castro & DJ Snake","Tonto",140,383409088,612002,383409087,"Caracol Radio","SPANISH","states/US-NAT","Spanish"
"9405_1778141799","2026-05-07 08:16:39","2026-05-13 03:09:59.518","9405","Short Skirt / Long Jacket","Cake","Comfort Eagle",203,2519272,70491,2516482,"Listen to The Planet","ROCKACTIVE","states/US-NAT","US Partner Digital"
"9405_1778141565","2026-05-07 08:12:45","2026-05-13 03:09:59.518","9405","Hey Jealousy","Gin Blossoms","New Miserable Experience",235,722651,4686,722645,"Listen to The Planet","ROCKACTIVE","states/US-NAT","US Partner Digital"
"9405_1778141355","2026-05-07 08:09:15","2026-05-13 03:09:59.518","9405","Two Princes","Spin Doctors","Pocket Full Of Kryptonite",257,2017634,41189,2017508,"Listen to The Planet","ROCKACTIVE","states/US-NAT","US Partner Digital"
"9985_1778140826","2026-05-07 08:00:26","2026-05-09 07:58:05.144","9985","God's Country","Blake Shelton","Fully Loaded: God's Country",204,85591739,58018,85591738,"La Poderosa","SPANISH","FL","Spanish"
"7376_1778140691","2026-05-07 07:58:11","2026-05-13 03:11:09.942","7376","Up + Up","Colton Dixon","Up + Up",162,314668912,794269,314668910,"89.7 Bridge FM","OTHER","NJ","Christian & Gospel"
"5981_1778140498","2026-05-07 07:54:58","2026-05-09 07:50:13.415","5981","It Is Well","Kristene DiMarco","Mighty",438,34256745,30605173,34256739,"SportsRadio 760","SPORTS","HI","Country"
"5981_1778140348","2026-05-07 07:52:28","2026-05-09 07:50:13.415","5981","Great Things","Phil Wickham","Living Hope",289,60012411,89487,60012410,"SportsRadio 760","SPORTS","HI","Country"
"5981_1778140066","2026-05-07 07:47:46","2026-05-09 06:40:54.747","5981","No Doubt About It","Mezzo Piano","Holy Water",287,177192276,32727947,177192270,"SportsRadio 760","SPORTS","HI","Country"
"5981_1778139682","2026-05-07 07:41:22","2026-05-09 06:40:54.747","5981","God You Are","We Are Messengers and Josh Baldwin","Wholehearted",264,139737009,31083929,139737005,"SportsRadio 760","SPORTS","HI","Country"
"5981_1778139459","2026-05-07 07:37:39","2026-05-09 06:40:54.747","5981","Faithful Now","Vertical Worship","Grace Is On Our Side",234,94097093,31727686,94097090,"SportsRadio 760","SPORTS","HI","Country"
"5981_1778139215","2026-05-07 07:33:35","2026-05-09 06:40:54.747","5981","Another In The Fire","Hillsong UNITED & TAYA","People",265,374994524,37767,374994504,"SportsRadio 760","SPORTS","HI","Country"
"9985_1778138084","2026-05-07 07:14:44","2026-05-09 07:58:05.144","9985","Rise","Herb Alpert","Rise",456,110127869,44640,110127867,"La Poderosa","SPANISH","FL","Spanish"
"9197_1778137103","2026-05-07 06:58:23","2026-05-11 14:58:22.852","9197","Old Church Choir","Zach Williams","Chain Breaker (Deluxe Edition)",176,50644341,31203647,50644337,"1640 KDIA","OTHER","CA","Christian & Gospel"
"7837_1778136900","2026-05-07 06:55:00","2026-05-08 22:23:00.681","7837","Hosanna","Eric Nordhoff","Quietime Worship",271,165358685,383037,165358677,"AM 630 KCIS","Prov_Crista","WA","Christian & Gospel"
"9985_1778136802","2026-05-07 06:53:22","2026-05-09 07:58:05.144","9985","Fly Robin Fly","Silver Convention","Save Me",331,245409367,251324,245409364,"La Poderosa","SPANISH","FL","Spanish"
"8376_1778135874","2026-05-07 06:37:54","2026-05-09 20:39:57.851","8376","Sunflower","Post Malone & Swae Lee","Hollywood's Bleeding",158,79727416,30779802,79727404,"Business News 97.5","NEWSTALK","IN","News & Talk"
"9494_1778134728","2026-05-07 06:18:48","2026-05-09 03:04:12.667","9494","El Santo Cachon","Los Embajadores Vallenatos","Grandes Exitos",266,33964746,166418,33964745,"Caracol Radio","SPANISH","states/US-NAT","Spanish"
"9985_1778133859","2026-05-07 06:04:19","2026-05-09 06:43:22.701","9985","Gasolina","Daddy Yankee","Barrio Fino",192,307091718,7268,307091713,"La Poderosa","SPANISH","FL","Spanish"
"9197_1778133471","2026-05-07 05:57:51","2026-05-11 08:22:09.126","9197","Let It Be A Hallelujah","Lauren Daigle","Let It Be A Hallelujah",237,342223095,30480349,342223094,"1640 KDIA","OTHER","CA","Christian & Gospel"
"9494_1778131589","2026-05-07 05:26:29","2026-05-09 00:51:28.386","9494","Se Me Olvidó Otra Vez","Maná","MTV Unplugged",221,1113980,264354,1113968,"Caracol Radio","SPANISH","states/US-NAT","Spanish"
"7837_1778131227","2026-05-07 05:20:27","2026-05-08 22:23:00.681","7837","flight","Rachel Portman","ask the river",275,-1,-1,-1,"AM 630 KCIS","Prov_Crista","WA","Christian & Gospel"
"6480_1778130009","2026-05-07 05:00:09","2026-05-09 09:06:39.004","6480","Earth to God","John Rich","Earth to God",178,111566501,58367,111566500,"99.5 KDIS","Prov_Salem","AR","Christian & Gospel"
"10361_1778129942","2026-05-07 04:59:02","2026-05-13 03:13:10.858","10361","Love & Hate","Dan Sultan","Aviary Takes",312,181809149,31292066,181809148,"89.1 Crossway Radio","OTHER","PA","Christian & Gospel"
"9197_1778129895","2026-05-07 04:58:15","2026-05-11 05:05:51.436","9197","My Jesus","Anne Wilson","My Jesus",217,166183464,34103413,166183461,"1640 KDIA","OTHER","CA","Christian & Gospel"
"9985_1778129728","2026-05-07 04:55:28","2026-05-09 05:37:59.698","9985","O Come All Ye Faithful / Hark The Herald Angels Sing / See Amid the Winter Snow","Rick Wakeman","Christmas Portraits",258,83765621,265,83765614,"La Poderosa","SPANISH","FL","Spanish"
"1965_1778128504","2026-05-07 04:35:04","2026-05-08 23:41:30.396","1965","Y.M.C.A.","Village People","Can't Stop The Music",201,349019868,30033549,349019860,"Rip City Radio","SPORTS","OR","Sports"
"10361_1778128166","2026-05-07 04:29:26","2026-05-13 03:13:10.858","10361","A Mighty Fortress","Christopher West","Spiritual Piano",143,26014599,228105,26014505,"89.1 Crossway Radio","OTHER","PA","Christian & Gospel"
"9494_1778127862","2026-05-07 04:24:22","2026-05-08 22:32:33.156","9494","Fields Of Gold","Sting","Ten Summoner's Tales",221,59643078,3802,59643075,"Caracol Radio","SPANISH","states/US-NAT","Spanish"
"9985_1778126389","2026-05-07 03:59:49","2026-05-09 03:04:47.027","9985","Real Love","Beach House","Teen Dream",320,114215717,81731,114215708,"La Poderosa","SPANISH","FL","Spanish"
"10767_1778126133","2026-05-07 03:55:33","2026-05-10 23:38:21.180","10767","Talking Backwards","Real Estate","Atlas",187,-1,-1,-1,"RadioNemo",,"states/US-NAT","US Partner Digital"
"9985_1778124570","2026-05-07 03:29:30","2026-05-09 03:04:47.027","9985","Tárrega: Recuerdos De La Alhambra","Milos Karadaglic","Mediterráneo",226,14035544,30640988,14035542,"La Poderosa","SPANISH","FL","Spanish"
"9985_1778124414","2026-05-07 03:26:54","2026-05-09 03:04:47.027","9985","恋のアランフェス","ポール・モーリア","L'Amour Toujours ― ポール・モーリア 生誕100年のラヴ・サウンド",310,-1,-1,-1,"La Poderosa","SPANISH","FL","Spanish"
"1965_1778122661","2026-05-07 02:57:41","2026-05-08 23:41:30.396","1965","Seether","Veruca Salt","American Thighs",196,712906,1348,712902,"Rip City Radio","SPORTS","OR","Sports"
"9197_1778122608","2026-05-07 02:56:48","2026-05-11 03:58:58.502","9197","Almost Home","MercyMe","inhale (exhale)",245,132608896,90180,132608881,"1640 KDIA","OTHER","CA","Christian & Gospel"
"6010_1778122053","2026-05-07 02:47:33","2026-05-10 03:20:47.169","6010","Symphony No. 9 in E Minor, Op. 95 'From the New World': II. Largo","Chineke! Orchestra; Keven John Edusei","Dvořák: Symphony No. 9 'From the New World' / Sibelius: Finlandia",665,47240729,31593798,47240726,"WORD 101.5 FM","Prov_Salem","PA","Christian & Gospel"
"6130_1778121064","2026-05-07 02:31:04","2026-05-13 03:10:58.773","6130","Disfruto","Karma Child & Made For","Disfruto",181,290265929,44036697,290265928,"EWTN Radio","OTHER","states/US-NAT","US Partner Digital"
"1965_1778119425","2026-05-07 02:03:45","2026-05-08 23:41:30.396","1965","Hit The Lights (Remastered)","Metallica","Kill 'Em All (Remastered)",255,58393884,58269,58393883,"Rip City Radio","SPORTS","OR","Sports"
"5176_1778119159","2026-05-07 01:59:19","2026-05-13 03:06:05.783","5176","Latinoamérica","Calle 13 Feat. Totó La Momposina, Susana Baca & María Rita","Entren Los Que Quieran",303,10549584,35553,10549337,"WKAQ 580","SPANISH","PR","Spanish"
"1965_1778118976","2026-05-07 01:56:16","2026-05-08 23:41:30.396","1965","Hit Me With Your Best Shot","Pat Benatar","Crimes Of Passion",170,533820,28794,533816,"Rip City Radio","SPORTS","OR","Sports"
"9985_1778118769","2026-05-07 01:52:49","2026-05-08 22:35:02.489","9985","Fly Robin Fly","Silver Convention","Save Me",331,245409367,251324,245409364,"La Poderosa","SPANISH","FL","Spanish"
"8376_1778118269","2026-05-07 01:44:29","2026-05-09 18:17:44.822","8376","positions","Ariana Grande","Positions",172,116155244,678625,116155232,"Business News 97.5","NEWSTALK","IN","News & Talk"
"9968_1778117622","2026-05-07 01:33:42","2026-05-13 03:13:01.941","9968","Snooze","SZA","SOS Deluxe: LANA",201,313722167,30061847,313722140,"North Central PA's Q-FM","COUNTRY","states/US-NAT","US Partner Digital"
"6130_1778117288","2026-05-07 01:28:08","2026-05-13 03:10:58.773","6130","Rejection Letter","Mackenzie Shivers","Rejection Letter",254,126350567,30401622,126350557,"EWTN Radio","OTHER","states/US-NAT","US Partner Digital"
"8376_1778116959","2026-05-07 01:22:39","2026-05-09 18:17:44.822","8376","Sucker","Jonas Brothers","Happiness Begins",181,74361648,40624,74361647,"Business News 97.5","NEWSTALK","IN","News & Talk"
"177_1778115371","2026-05-07 00:56:11","2026-05-13 03:05:45.212","177","Creep","Radiohead","Pablo Honey",238,39318732,974,39318730,"KFI AM 640","NEWSTALK","CA","News & Talk"
"10767_1778115331","2026-05-07 00:55:31","2026-05-10 23:38:21.180","10767","Nashville Blues","The Nitty Gritty Dirt Band","Will The Circle Be Unbroken",195,395996,28309,395991,"RadioNemo",,"states/US-NAT","US Partner Digital"
"1965_1778115188","2026-05-07 00:53:08","2026-05-08 23:41:30.396","1965","Takin' It to the Streets","The Doobie Brothers","Takin' It to the Streets",236,1023346,43411,1023344,"Rip City Radio","SPORTS","OR","Sports"
"1965_1778114677","2026-05-07 00:44:37","2026-05-08 22:22:45.952","1965","Comedown","Bush","Sixteen Stone",326,277528305,41653,277528300,"Rip City Radio","SPORTS","OR","Sports"
"177_1778114459","2026-05-07 00:40:59","2026-05-13 03:05:45.212","177","All Star","Smash Mouth","Astro Lounge",201,620524,39146,620512,"KFI AM 640","NEWSTALK","CA","News & Talk"
"6130_1778114017","2026-05-07 00:33:37","2026-05-13 03:10:58.773","6130","Amor De Niño","Los Titanes de Durango","Corridos Titanium",192,27489746,41827,27489735,"EWTN Radio","OTHER","states/US-NAT","US Partner Digital"
"1965_1778113417","2026-05-07 00:23:37","2026-05-08 22:22:45.952","1965","Try Again","Champaign","Modern Heart",226,25524668,116032,25524666,"Rip City Radio","SPORTS","OR","Sports"
"8376_1778113359","2026-05-07 00:22:39","2026-05-09 17:06:36.460","8376","Hot Girl Bummer","blackbear","everything means nothing",188,139270640,732213,139270639,"Business News 97.5","NEWSTALK","IN","News & Talk"
"7376_1778113327","2026-05-07 00:22:07","2026-05-13 03:11:09.942","7376","Our Story Our Song","Prestonwood Worship (featuring Jordan Grizzard)","Songs of the People",295,78150712,32538804,78150708,"89.7 Bridge FM","OTHER","NJ","Christian & Gospel"
"1965_1778112889","2026-05-07 00:14:49","2026-05-08 22:22:45.952","1965","Fat Bottomed Girls","Queen","Jazz",255,234517373,4258,234517371,"Rip City Radio","SPORTS","OR","Sports"
"5974_1778112138","2026-05-07 00:02:18","2026-05-11 02:52:29.202","5974","This Is Amazing Grace","Phil Wickham","The Ascension (Deluxe)",279,120985975,89487,120985971,"94-7 FM The Word","Prov_Salem","CO","Christian & Gospel"
"1965_1778112096","2026-05-07 00:01:36","2026-05-08 22:22:45.952","1965","Queen Of The Reich","Queensrÿche","Greatest Hits",262,422880,40598,422879,"Rip City Radio","SPORTS","OR","Sports"
